<?xml version="1.0" encoding="utf-8"?><!DOCTYPE nta PUBLIC '-//Uppaal Team//DTD Flat System 1.1//EN' 'http://www.it.uu.se/research/group/darts/uppaal/flat-1_1.dtd'><nta><declaration>// Place global declarations here.
chan openDoor, closeDoor, engineOn, engineOff, goUp, goDown;

bool btn[5] = {false, false, false, false, false};
bool doorIsOpen = false;
bool engineIsOn = false;
int currentFloor = 0;
int goalFloor = 0;</declaration><template><name x="5" y="5">Env</name><declaration>// Place local declarations here.
</declaration><location id="id0" x="16" y="-87"><urgent/></location><init ref="id0"/><transition><source ref="id0"/><target ref="id0"/><label kind="select" x="72" y="-239">i : int[0,4]</label><label kind="guard" x="72" y="-224">not btn[i]</label><label kind="assignment" x="72" y="-208">btn[0] = false,
btn[1] = false,
btn[2] = false,
btn[3] = false,
btn[4] = false, 
btn[i] = true, 
goalFloor = i</label><nail x="48" y="-144"/><nail x="-16" y="-144"/></transition></template><template><name>Door</name><location id="id1" x="-168" y="-24"><name x="-144" y="-40">open</name><urgent/></location><location id="id2" x="-360" y="-24"><name x="-416" y="-40">close</name><urgent/></location><init ref="id2"/><transition><source ref="id1"/><target ref="id2"/><label kind="synchronisation" x="-304" y="48">closeDoor?</label><label kind="assignment" x="-304" y="63">doorIsOpen = false, btn[currentFloor] = false</label><nail x="-256" y="48"/></transition><transition><source ref="id2"/><target ref="id1"/><label kind="synchronisation" x="-304" y="-151">openDoor?</label><label kind="assignment" x="-304" y="-136">doorIsOpen = true</label><nail x="-264" y="-104"/></transition></template><template><name>Lift</name><location id="id3" x="-200" y="-16"><name x="-210" y="-46">on</name><urgent/></location><location id="id4" x="-400" y="-16"><name x="-440" y="-24">off</name><urgent/></location><init ref="id4"/><transition><source ref="id3"/><target ref="id3"/><label kind="guard" x="-80" y="16">currentFloor &gt; 0 and goalFloor &lt; currentFloor</label><label kind="synchronisation" x="-80" y="0">goDown?</label><label kind="assignment" x="-80" y="32">currentFloor -= 1</label><nail x="-88" y="56"/><nail x="-88" y="-8"/></transition><transition><source ref="id3"/><target ref="id3"/><label kind="guard" x="-80" y="-80">currentFloor &lt; 4 and goalFloor &gt; currentFloor</label><label kind="synchronisation" x="-80" y="-96">goUp?</label><label kind="assignment" x="-80" y="-64">currentFloor += 1</label><nail x="-88" y="-88"/><nail x="-88" y="-24"/></transition><transition><source ref="id3"/><target ref="id4"/><label kind="synchronisation" x="-328" y="32">engineOff?</label><label kind="assignment" x="-328" y="48">engineIsOn = false</label><nail x="-296" y="32"/></transition><transition><source ref="id4"/><target ref="id3"/><label kind="synchronisation" x="-336" y="-103">engineOn?</label><label kind="assignment" x="-336" y="-88">engineIsOn = true</label><nail x="-296" y="-64"/></transition></template><template><name>Controler</name><location id="id5" x="-888" y="-256"><urgent/></location><location id="id6" x="-592" y="-256"><urgent/></location><location id="id7" x="-760" y="-256"><urgent/></location><init ref="id7"/><transition><source ref="id7"/><target ref="id5"/><label kind="guard" x="-896" y="-192">currentFloor == goalFloor</label><label kind="synchronisation" x="-856" y="-208">openDoor!</label><nail x="-824" y="-216"/></transition><transition><source ref="id6"/><target ref="id7"/><label kind="guard" x="-728" y="-192">currentFloor == goalFloor</label><label kind="synchronisation" x="-696" y="-208">engineOff!</label><nail x="-664" y="-216"/></transition><transition><source ref="id5"/><target ref="id7"/><label kind="synchronisation" x="-856" y="-312">closeDoor!</label><nail x="-824" y="-288"/></transition><transition><source ref="id6"/><target ref="id6"/><label kind="synchronisation" x="-536" y="-240">goDown!</label><nail x="-544" y="-208"/><nail x="-544" y="-248"/></transition><transition><source ref="id6"/><target ref="id6"/><label kind="synchronisation" x="-528" y="-288">goUp!</label><nail x="-544" y="-296"/><nail x="-544" y="-256"/></transition><transition><source ref="id7"/><target ref="id6"/><label kind="guard" x="-728" y="-320">currentFloor != goalFloor</label><label kind="synchronisation" x="-696" y="-336">engineOn!</label><nail x="-664" y="-296"/></transition></template><system>// Place template instantiations here.
lift = Lift();
env = Env();
door = Door();
controler = Controler();

// List one or more processes to be composed into a system.
system lift, env, door, controler;</system></nta>